Latitude,Longitude,Location
29.705875,-95.403333,"Albany,CA"
29.70639992,-95.40550232,"Amherst,CA"
29.70639992,-95.41149902,"Amherst,CA"
29.70639992,-95.41200256,"Amherst,CA"
29.7070648,-95.3971624,"Amherst,CA"
29.7071108,-95.3990975,"Amherst,CA"
29.709044,-95.401519,"Amherst,CA"
29.709156,-95.40203,"Amherst,CA"
29.70940018,-95.40129852,"Amherst,CA"
29.710631,-95.400416,"Amherst,CA"
29.7107363,-95.3966045,"Amherst,CA"
29.71109962,-95.39990234,"Amherst,CA"
29.711538,-95.400531,"Amherst,CA"
29.7123204,-95.3993618,"Amherst,CA"
29.714817,-95.414354,"Amherst,CA"
29.7150614,-95.4163637,"Amherst,CA"
29.7151193,-95.3895165,"Amherst,CA"
29.715122,-95.397313,"Amherst,CA"
29.715205,-95.41515,"Amherst,CA"
29.71559906,-95.41480255,"Amherst,CA"
29.715819,-95.415802,"Amherst,CA"
29.716146,-95.414648,"Amherst,CA"
29.71667,-95.415234,"Amherst,CA"
29.7166838,-95.4159428,"Amherst,CA"
29.7166996,-95.41570282,"Amherst,CA"
29.7166996,-95.4151001,"Amherst,CA"
29.71680069,-95.4151001,"Amherst,CA"
29.716902,-95.415488,"Amherst,CA"
29.717216,-95.417496,"Amherst,CA"
29.71730042,-95.41739655,"Amherst,CA"
29.71730042,-95.41750336,"Amherst,CA"
29.7173996,-95.41590118,"Amherst,CA"
29.7174306,-95.4171217,"Amherst,CA"
29.71759987,-95.41750336,"Amherst,CA"
29.71759987,-95.4151001,"Amherst,CA"
29.717607,-95.414208,"Amherst,CA"
29.717709,-95.415172,"Ann Arbor,CA"
29.717824,-95.41431,"Ann Arbor,CA"
29.719448,-95.417326,"Ann Arbor,CA"
29.719458,-95.416301,"Ann Arbor,CA"
29.71999931,-95.41639709,"Ann Arbor,CA"
29.72064,-95.393772,"Ann Arbor,CA"
29.720906,-95.417191,"Ann Arbor,CA"
29.72179985,-95.39559937,"Ann Arbor,CA"
29.723019,-95.4051521,"Ann Arbor,CA"
29.723352,-95.4017329,"Ann Arbor,CA"
29.725551,-95.398359,"Ann Arbor,CA"
29.72570038,-95.40650177,"Ann Arbor,CA"
29.72570038,-95.40660095,"Ann Arbor,CA"
29.72595,-95.403074,"Ann Arbor,CA"
30.279764,-97.741803,"Ann Arbor,CA"
30.280835,-97.743217,"Ann Arbor,CA"
30.280844,-97.744349,"Ann Arbor,CA"
30.280912,-97.744033,"Ann Arbor,CA"
30.281261,-97.741478,"Ann Arbor,CA"
30.281273,-97.739981,"Ann Arbor,CA"
30.28174,-97.7454379,"Ann Arbor,CA"
30.28239,-97.744222,"Ann Arbor,CA"
30.2824168,-97.7443875,"Ann Arbor,CA"
30.2824928,-97.7459669,"Ann Arbor,CA"
30.282533,-97.742421,"Ann Arbor,CA"
30.2825558,-97.7422461,"Ann Arbor,CA"
30.28264,-97.742015,"Ann Arbor,CA"
30.282741,-97.742401,"Ann Arbor,CA"
30.28276494,-97.74501532,"Ann Arbor,CA"
30.282815,-97.744746,"Ann Arbor,CA"
30.282901,-97.742386,"Ann Arbor,CA"
30.28292656,-97.74180603,"Ann Arbor,CA"
30.283067,-97.745432,"Ann Arbor,CA"
30.283295,-97.741791,"Ann Arbor,CA"
30.2835151,-97.7348805,"Ann Arbor,CA"
30.2835706,-97.7390306,"Ann Arbor,CA"
30.283729,-97.741752,"Ann Arbor,CA"
30.283993,-97.73416,"Ann Arbor,CA"
30.2841142,-97.7410864,"Ann Arbor,CA"
30.285068,-97.745093,"Ann Arbor,CA"
30.28540039,-97.74169922,"Ann Arbor,CA"
30.2855437,-97.7417877,"Ann Arbor,CA"
30.285573,-97.746148,"Ann Arbor,CA"
30.2857498,-97.7427103,"Ann Arbor,CA"
30.285758,-97.73588,"Ann Arbor,CA"
30.285903,-97.741746,"Ann Arbor,CA"
30.28619003,-97.74169922,"Ann Arbor,CA"
30.2864643,-97.741686,"Ann Arbor,CA"
30.2867007,-97.7448029,"Ann Arbor,CA"
30.2867008,-97.7448042,"Ann Arbor,CA"
30.286814,-97.742565,"Ann Arbor,CA"
30.286846,-97.744958,"Ann Arbor,CA"
30.287284,-97.746238,"Ann Arbor,CA"
30.2876783,-97.741584,"Ann Arbor,CA"
30.287685,-97.744481,"Ann Arbor,CA"
30.287691,-97.741896,"Ann Arbor,CA"
30.28788,-97.746996,"Ann Arbor,CA"
30.28790092,-97.74150085,"Ann Arbor,CA"
30.2879939,-97.7459081,"Ann Arbor,CA"
30.288204,-97.745254,"Ann Arbor,CA"
30.28840065,-97.74140167,"Ann Arbor,CA"
30.289364,-97.7414483,"Ann Arbor,CA"
30.2898435,-97.7414058,"Ann Arbor,CA"
30.29030037,-97.73470306,"Ann Arbor,CA"
30.290896,-97.741354,"Ann Arbor,CA"
30.29140091,-97.74120331,"Ann Arbor,CA"
30.2915518,-97.7415208,"Ann Arbor,CA"
30.29179955,-97.73899841,"Ann Arbor,CA"
30.29229927,-97.7410965,"Ann Arbor,CA"
30.292512,-97.741654,"Atlanta,CA"
32.866126,-117.234359,"Atlanta,CA"
32.866151,-117.233341,"Atlanta,CA"
32.8661562,-117.2370237,"Atlanta,CA"
32.86640167,-117.2429962,"Atlanta,CA"
32.86800003,-117.2310028,"Atlanta,CA"
32.868396,-117.228305,"Atlanta,CA"
32.86859894,-117.2340012,"Atlanta,CA"
32.868641,-117.2336,"Atlanta,CA"
32.86880112,-117.2340012,"Atlanta,CA"
32.868855,-117.233707,"Atlanta,CA"
32.8689136,-117.2337603,"Atlanta,CA"
32.868957,-117.227831,"Atlanta,CA"
32.8693551,-117.2337369,"Atlanta,CA"
32.869968,-117.233108,"Atlanta,CA"
32.870027,-117.233116,"Atlanta,CA"
32.87009,-117.228069,"Atlanta,CA"
32.8701,-117.225297,"Atlanta,CA"
32.8701184,-117.2338267,"Atlanta,CA"
32.8702882,-117.233116,"Atlanta,CA"
32.8702904,-117.233115,"Atlanta,CA"
32.8702939,-117.2261106,"Atlanta,CA"
32.870294,-117.233607,"Atlanta,CA"
32.87030029,-117.2330017,"Atlanta,CA"
32.8703222,-117.2326571,"Atlanta,CA"
32.8703247,-117.2327423,"Atlanta,CA"
32.870325,-117.2326621,"Atlanta,CA"
32.870434,-117.226851,"Atlanta,CA"
32.870507,-117.231335,"Atlanta,CA"
32.87070084,-117.2340012,"Atlanta,CA"
32.870735,-117.236132,"Atlanta,CA"
32.870896,-117.232605,"Atlanta,CA"
32.871009,-117.235429,"Atlanta,CA"
32.871834,-117.230958,"Atlanta,CA"
32.872739,-117.237854,"Atlanta,CA"
32.87554,-117.223346,"Atlanta,CA"
32.8768892,-117.239913,"Atlanta,CA"
32.877065,-117.23793,"Atlanta,CA"
32.877353,-117.229749,"Atlanta,CA"
32.877843,-117.2255,"Atlanta,CA"
32.8782333,-117.2229161,"Atlanta,CA"
32.87947,-117.22293,"Atlanta,CA"
32.8803679,-117.2396862,"Atlanta,CA"
32.881479,-117.2233175,"Atlanta,CA"
32.881559,-117.219672,"Atlanta,CA"
32.882894,-117.22631,"Atlanta,CA"
32.8833688,-117.2442543,"Atlanta,CA"
32.884047,-117.225859,"Atlanta,CA"
32.88484899,-117.2439051,"Atlanta,CA"
32.8851283,-117.2390077,"Austin,CA"
32.88556976,-117.2399998,"Austin,CA"
33.7678353,-84.3998161,"Austin,CA"
33.770206,-84.399425,"Austin,CA"
33.770221,-84.388165,"Austin,CA"
33.771391,-84.39113,"Austin,CA"
33.77249908,-84.38710022,"Austin,CA"
33.7725616,-84.4045662,"Austin,CA"
33.773092,-84.387155,"Austin,CA"
33.7734038,-84.3992496,"Austin,CA"
33.7735168,-84.3888576,"Austin,CA"
33.774062,-84.385486,"Austin,CA"
33.7745018,-84.40599823,"Austin,CA"
33.774639,-84.384811,"Austin,CA"
33.774748,-84.387187,"Austin,CA"
33.7752549,-84.3846072,"Austin,CA"
33.7753273,-84.4067822,"Austin,CA"
33.7754011,-84.3845706,"Austin,CA"
33.776188,-84.384523,"Austin,CA"
33.77626688,-84.38469887,"Austin,CA"
33.776657,-84.407403,"Austin,CA"
33.7767458,-84.3898767,"Austin,CA"
33.776819,-84.388759,"Austin,CA"
33.7768287,-84.403587,"Austin,CA"
33.7768372,-84.3894265,"Austin,CA"
33.7771631,-84.3879443,"Austin,CA"
33.7772776,-84.385057,"Austin,CA"
33.777389,-84.389407,"Austin,CA"
33.777565,-84.384827,"Austin,CA"
33.7779007,-84.3844986,"Austin,CA"
33.7784509,-84.3858,"Austin,CA"
33.7786012,-84.3983965,"Austin,CA"
33.779118,-84.410403,"Austin,CA"
33.779562,-84.388819,"Austin,CA"
33.779636,-84.387762,"Austin,CA"
33.7800579,-84.410762,"Austin,CA"
33.780114,-84.386594,"Austin,CA"
33.7807367,-84.3874985,"Austin,CA"
33.780737,-84.387498,"Austin,CA"
33.78129959,-84.38899994,"Austin,CA"
33.7813057,-84.3877263,"Austin,CA"
33.781466,-84.387519,"Austin,CA"
33.7815089,-84.3875073,"Austin,CA"
33.7816421,-84.3891412,"Austin,CA"
33.78209,-84.407698,"Austin,CA"
33.7826639,-84.387406,"Austin,CA"
33.78301239,-84.38784027,"Austin,CA"
33.783044,-84.409708,"Austin,CA"
33.783135,-84.409057,"Austin,CA"
33.7841674,-84.3977345,"Austin,CA"
33.785675,-84.406782,"Austin,CA"
33.785917,-84.3994419,"Austin,CA"
33.785917,-84.399442,"Austin,CA"
33.785957,-84.396213,"Berkeley,CA"
33.7862227,-84.3994267,"Berkeley,CA"
33.78633881,-84.39912415,"Berkeley,CA"
33.78659821,-84.39479828,"Berkeley,CA"
34.0142679,-118.2832227,"Berkeley,CA"
34.0143765,-118.2826028,"Berkeley,CA"
34.01580048,-118.2779999,"Berkeley,CA"
34.017342,-118.278284,"Berkeley,CA"
34.0174813,-118.2826778,"Berkeley,CA"
34.017569,-118.27782,"Berkeley,CA"
34.0181844,-118.2786781,"Berkeley,CA"
34.0182991,-118.2910004,"Berkeley,CA"
34.018503,-118.283301,"Berkeley,CA"
34.018692,-118.277102,"Berkeley,CA"
34.018734,-118.275067,"Berkeley,CA"
34.01890182,-118.2730026,"Berkeley,CA"
34.01910019,-118.2819977,"Berkeley,CA"
34.019704,-118.281362,"Berkeley,CA"
34.0203132,-118.2819747,"Berkeley,CA"
34.02090073,-118.2779999,"Berkeley,CA"
34.0218739,-118.278909,"Berkeley,CA"
34.0221911,-118.2798269,"Berkeley,CA"
34.0222355,-118.2837224,"Berkeley,CA"
34.02249908,-118.2910004,"Berkeley,CA"
34.0226176,-118.2903886,"Berkeley,CA"
34.023298,-118.285621,"Berkeley,CA"
34.0234826,-118.2878397,"Berkeley,CA"
34.0237167,-118.2879466,"Berkeley,CA"
34.02429962,-118.2839966,"Berkeley,CA"
34.0246357,-118.2782891,"Berkeley,CA"
34.0246799,-118.277751,"Berkeley,CA"
34.0247921,-118.2781889,"Berkeley,CA"
34.0248188,-118.2781965,"Berkeley,CA"
34.0250193,-118.286529,"Berkeley,CA"
34.0252094,-118.2840778,"Berkeley,CA"
34.025403,-118.283966,"Berkeley,CA"
34.025483,-118.283956,"Berkeley,CA"
34.02550125,-118.2779999,"Berkeley,CA"
34.0255141,-118.2939713,"Berkeley,CA"
34.0256191,-118.2839783,"Berkeley,CA"
34.02569962,-118.2770004,"Berkeley,CA"
34.025768,-118.295432,"Berkeley,CA"
34.025887,-118.277304,"Berkeley,CA"
34.0260398,-118.2839965,"Berkeley,CA"
34.0261891,-118.2772413,"Berkeley,CA"
34.0263491,-118.2765336,"Berkeley,CA"
34.0264092,-118.2839741,"Berkeley,CA"
34.026445,-118.283974,"Berkeley,CA"
34.02669907,-118.2770004,"Berkeley,CA"
34.026744,-118.2771037,"Berkeley,CA"
34.027505,-118.29167,"Berkeley,CA"
34.0279313,-118.2761211,"Berkeley,CA"
34.028214,-118.291407,"Berwyn Heights,CA"
34.0284077,-118.2912387,"Berwyn Heights,CA"
34.028543,-118.284365,"Berwyn Heights,CA"
34.029823,-118.291159,"Blacksburg,CA"
34.031025,-118.281545,"Blacksburg,CA"
34.031533,-118.285577,"Blacksburg,CA"
34.06159973,-118.4449997,"Blacksburg,CA"
34.061882,-118.44619,"Blacksburg,CA"
34.0620135,-118.44413,"Blacksburg,CA"
34.0622668,-118.4469197,"Blacksburg,CA"
34.06231,-118.446892,"Blacksburg,CA"
34.0623226,-118.4469186,"Blacksburg,CA"
34.062334,-118.446275,"Blacksburg,CA"
34.06234,-118.4415,"Blacksburg,CA"
34.062373,-118.447842,"Blacksburg,CA"
34.062462,-118.447131,"Blacksburg,CA"
34.062475,-118.44569,"Blacksburg,CA"
34.0625,-118.447998,"Blacksburg,CA"
34.0625,-118.4469986,"Blacksburg,CA"
34.062507,-118.4470214,"Blacksburg,CA"
34.0625117,-118.4455156,"Blacksburg,CA"
34.0625782,-118.4482403,"Blacksburg,CA"
34.0625796,-118.4448362,"Blacksburg,CA"
34.062597,-118.44656,"Blacksburg,CA"
34.0625996,-118.4467224,"Blacksburg,CA"
34.062647,-118.44827,"Blacksburg,CA"
34.06269836,-118.4469986,"Blacksburg,CA"
34.0627442,-118.4482671,"Blacksburg,CA"
34.06280136,-118.447998,"Blacksburg,CA"
34.06299973,-118.4449997,"Blacksburg,CA"
34.0630956,-118.4454421,"Blacksburg,CA"
34.063097,-118.4470661,"Blacksburg,CA"
34.0632046,-118.4452584,"Blacksburg,CA"
34.0632809,-118.445211,"Boston,CA"
34.063337,-118.447041,"Boston,CA"
34.0634991,-118.4452983,"Boston,CA"
34.06354904,-118.4470673,"Boston,CA"
34.063697,-118.442444,"Cambridge,CA"
34.063743,-118.447279,"Cambridge,CA"
34.064165,-118.441046,"Cambridge,CA"
34.0646018,-118.4480733,"Cambridge,CA"
34.064979,-118.445909,"Cambridge,CA"
34.0656365,-118.4457064,"Cambridge,CA"
34.06592091,-118.4460497,"Cambridge,CA"
34.0664373,-118.4338345,"Cambridge,CA"
34.06896045,-118.4413183,"Cambridge,CA"
34.069453,-118.444879,"Cambridge,CA"
34.069472,-118.452856,"Cambridge,CA"
34.0699858,-118.4477066,"Cambridge,CA"
34.070045,-118.443797,"Cambridge,CA"
34.070214,-118.438351,"Cambridge,CA"
34.07022244,-118.4440756,"Cambridge,CA"
34.0716414,-118.4523812,"Cambridge,CA"
34.0720176,-118.4449844,"Cambridge,CA"
34.073045,-118.444843,"Cambridge,CA"
34.0735964,-118.4436186,"Cambridge,CA"
34.073886,-118.438468,"Cambridge,CA"
34.074025,-118.437884,"Cambridge,CA"
34.081775,-118.444717,"Cambridge,CA"
34.09460068,-117.7170029,"Cambridge,CA"
34.09460068,-117.7190018,"Cambridge,CA"
34.094628,-117.720878,"Cambridge,CA"
34.0946367,-117.7199629,"Cambridge,CA"
34.0946798,-117.7168691,"Cambridge,CA"
34.0947023,-117.7193064,"Cambridge,CA"
34.094722,-117.719329,"Cambridge,CA"
34.094836,-117.719327,"Cambridge,CA"
34.094846,-117.717891,"Cambridge,CA"
34.0948841,-117.7206854,"Cambridge,CA"
34.09496093,-117.7197504,"Cambridge,CA"
34.0950716,-117.7164551,"Cambridge,CA"
34.095079,-117.718178,"Cambridge,CA"
34.095313,-117.718145,"Cambridge,CA"
34.0953523,-117.7195098,"Cambridge,CA"
34.09540176,-117.7170029,"Cambridge,CA"
34.095482,-117.716732,"Cambridge,CA"
34.095483,-117.716972,"Cambridge,CA"
34.09550095,-117.7170029,"Cambridge,CA"
34.0955958,-117.7174571,"Cambridge,CA"
34.095596,-117.7174881,"Cambridge,CA"
34.0956376,-117.7178866,"Cambridge,CA"
34.09600067,-117.7180023,"Cambridge,CA"
34.0961102,-117.71643,"Cambridge,CA"
34.0965004,-117.7180023,"Cambridge,CA"
34.0966105,-117.7165568,"Cambridge,CA"
34.0966296,-117.7183628,"Cambridge,CA"
34.0966764,-117.7197785,"Cambridge,CA"
34.09669876,-117.7170029,"Cambridge,CA"
34.0969559,-117.7179103,"Cambridge,CA"
34.09700012,-117.7180023,"Cambridge,CA"
34.0970993,-117.7180023,"Cambridge,CA"
34.09719849,-117.7190018,"Cambridge,CA"
34.099682,-117.7233243,"Cambridge,CA"
34.099698,-117.713286,"Cambridge,CA"
34.10250092,-117.7070007,"Cambridge,CA"
34.1027693,-117.7102215,"Cambridge,CA"
34.10329819,-117.7070007,"Cambridge,CA"
34.10561,-117.689586,"Cambridge,CA"
34.106254,-117.693735,"Cambridge,CA"
34.10680008,-117.6900024,"Cambridge,CA"
34.10680008,-117.689003,"Cambridge,CA"
34.1069972,-117.7170534,"Cambridge,CA"
34.107061,-117.703679,"Cambridge,CA"
34.1071045,-117.7226159,"Cambridge,CA"
34.107159,-117.691992,"Cambridge,CA"
34.107393,-117.72932,"Cambridge,CA"
34.107776,-117.723797,"Cambridge,CA"
34.12149811,-117.7060013,"Cambridge,CA"
34.12149811,-117.7070007,"Cambridge,CA"
34.1216094,-117.70512,"Cambridge,CA"
34.13539886,-118.1320038,"Cambridge,CA"
34.13579941,-118.1330032,"Cambridge,CA"
34.13600159,-118.1309967,"Cambridge,CA"
34.13600159,-118.1320038,"Cambridge,CA"
34.1363721,-118.1321877,"Cambridge,CA"
34.136471,-118.1323499,"Cambridge,CA"
34.1367222,-118.132193,"Cambridge,CA"
34.136828,-118.1321941,"Cambridge,CA"
34.1378142,-118.1226977,"Cambridge,CA"
34.137848,-118.133071,"Cambridge,CA"
34.1378891,-118.1323768,"Cambridge,CA"
34.13850021,-118.1320038,"Cambridge,CA"
34.13869858,-118.1320038,"Cambridge,CA"
34.13869858,-118.1330032,"Cambridge,CA"
34.1388359,-118.1323869,"Cambridge,CA"
34.13899994,-118.1320038,"Cambridge,CA"
34.1390627,-118.1323893,"Cambridge,CA"
34.1391983,-118.1320038,"Cambridge,CA"
34.13970184,-118.1320038,"Cambridge,CA"
34.139926,-118.133108,"Cambridge,CA"
34.139945,-118.133061,"Cambridge,CA"
34.139945,-118.133061,"Carrboro,CA"
34.140474,-118.13181,"Carrboro,CA"
34.1405433,-118.1268976,"Carrboro,CA"
34.1408511,-118.1317486,"Carrboro,CA"
34.14139938,-118.1320038,"Carrboro,CA"
34.14160156,-118.1320038,"Carrboro,CA"
34.141902,-118.131824,"Carrboro,CA"
34.1419867,-118.1259703,"Carrboro,CA"
34.14199829,-118.1309967,"Champaign,CA"
34.14220047,-118.1320038,"Champaign,CA"
34.1426445,-118.1259403,"Champaign,CA"
34.1427878,-118.1324689,"Champaign,CA"
34.1432991,-118.1320038,"Champaign,CA"
34.14350128,-118.1320038,"Champaign,CA"
34.144324,-118.124959,"Champaign,CA"
34.14434,-118.130085,"Champaign,CA"
34.144346,-118.128979,"Champaign,CA"
34.1443749,-118.127836,"Champaign,CA"
34.144382,-118.126911,"Champaign,CA"
34.1445596,-118.12872,"Champaign,CA"
34.144578,-118.129763,"Champaign,CA"
34.1445813,-118.1288824,"Champaign,CA"
34.1445917,-118.1287312,"Champaign,CA"
34.144609,-118.123444,"Champaign,CA"
34.1446887,-118.1303658,"Champaign,CA"
34.1446991,-118.1289978,"Champaign,CA"
34.14580154,-118.1269989,"Champaign,CA"
34.145897,-118.125126,"Champaign,CA"
34.145922,-118.126661,"Champaign,CA"
35.2804985,-120.6620026,"Champaign,CA"
35.280575,-120.662475,"Champaign,CA"
35.280613,-120.6594574,"Champaign,CA"
35.2808633,-120.6628844,"Champaign,CA"
35.280887,-120.661247,"Champaign,CA"
35.280909,-120.661209,"Champaign,CA"
35.2809337,-120.6613639,"Champaign,CA"
35.280941,-120.661154,"Champaign,CA"
35.2812015,-120.6623066,"Champaign,CA"
35.2812909,-120.6616904,"Champaign,CA"
35.28139877,-120.6610031,"Champaign,CA"
35.281429,-120.663834,"Champaign,CA"
35.281453,-120.661032,"Champaign,CA"
35.281683,-120.661594,"Champaign,CA"
35.281685,-120.660649,"Champaign,CA"
35.2816968,-120.6600477,"Champaign,CA"
35.2817552,-120.6613616,"Champaign,CA"
35.2817588,-120.6613647,"Champaign,GA"
35.28193665,-120.661171,"Champaign,GA"
35.282003,-120.661032,"Champaign,GA"
35.282115,-120.660846,"Champaign,GA"
35.28219986,-120.6549988,"Champaign,GA"
35.28219986,-120.6569977,"Champaign,GA"
35.282467,-120.6575848,"Champaign,GA"
35.2827524,-120.6596156,"Champaign,GA"
35.28290176,-120.6559982,"Champaign,GA"
35.283365,-120.662367,"Champaign,GA"
35.283937,-120.657216,"Chapel Hill,GA"
35.28409958,-120.6579971,"Chapel Hill,GA"
35.2845993,-120.6689987,"Chapel Hill,GA"
35.284784,-120.656602,"Chapel Hill,GA"
35.284932,-120.656834,"Chapel Hill,GA"
35.2854733,-120.6556007,"Chapel Hill,GA"
35.285772,-120.654517,"Chapel Hill,GA"
35.2863473,-120.6543505,"Chapel Hill,GA"
35.2864793,-120.6538454,"Chapel Hill,GA"
35.28659821,-120.6539993,"Chapel Hill,GA"
35.28659821,-120.6650009,"Chapel Hill,GA"
35.28720093,-120.6529999,"Chapel Hill,GA"
35.28730011,-120.6529999,"Chapel Hill,GA"
35.28779984,-120.6650009,"Chapel Hill,GA"
35.28789902,-120.6529999,"Chapel Hill,GA"
35.288297,-120.664479,"Chapel Hill,GA"
35.288391,-120.6519236,"Chapel Hill,GA"
35.28960037,-120.6520004,"Chapel Hill,GA"
35.2900983,-120.6595803,"Chapel Hill,GA"
35.29029846,-120.6500015,"Chapel Hill,GA"
35.29050064,-120.6500015,"Chapel Hill,GA"
35.290659,-120.660092,"Chapel Hill,GA"
35.291002,-120.659905,"Chapel Hill,GA"
35.291054,-120.649432,"Chapel Hill,GA"
35.29240036,-120.6679993,"Chapel Hill,GA"
35.292858,-120.665251,"Chapel Hill,GA"
35.29321829,-120.6722188,"Chapel Hill,GA"
35.293359,-120.656437,"Chapel Hill,GA"
35.2939079,-120.6710803,"Chapel Hill,GA"
35.2940836,-120.6713306,"Chapel Hill,GA"
35.2940841,-120.6713615,"Chapel Hill,GA"
35.29410172,-120.6719971,"Chapel Hill,GA"
35.29410172,-120.6669998,"Chapel Hill,GA"
35.2941952,-120.6708522,"Chapel Hill,GA"
35.2975721,-120.6549135,"Chapel Hill,GA"
35.904312,-79.05001,"Chapel Hill,GA"
35.909199,-79.043669,"Chapel Hill,GA"
35.90940094,-79.05480194,"Chapel Hill,GA"
35.909713,-79.0652756,"Chapel Hill,GA"
35.90980148,-79.06500244,"Chapel Hill,GA"
35.9099076,-79.0641968,"Christiansburg,GA"
35.910382,-79.062915,"Christiansburg,GA"
35.91040039,-79.06240082,"Christiansburg,GA"
35.91040039,-79.07050323,"Claremont,GA"
35.910443,-79.062233,"Claremont,GA"
35.910463,-79.06264,"Claremont,GA"
35.910529,-79.066586,"Claremont,IL"
35.91070175,-79.06680298,"Claremont,IL"
35.9107101,-79.0687717,"Claremont,IL"
35.910725,-79.068977,"Claremont,IL"
35.9107324,-79.0689329,"Claremont,IL"
35.9107501,-79.067045,"Claremont,IL"
35.9108619,-79.0672301,"Claremont,IL"
35.9109128,-79.0372826,"Claremont,IL"
35.911147,-79.069328,"Claremont,IL"
35.91120148,-79.0644989,"Claremont,IL"
35.91122818,-79.06072998,"Claremont,IL"
35.91139984,-79.06929779,"Claremont,IL"
35.91139984,-79.05940247,"Claremont,IL"
35.911426,-79.069109,"Claremont,IL"
35.9114657,-79.0548034,"Claremont,IL"
35.911527,-79.060083,"Claremont,IL"
35.9115465,-79.0599371,"Claremont,IL"
35.9115599,-79.0625982,"Claremont,IL"
35.911747,-79.060221,"Claremont,IL"
35.912209,-79.058261,"Claremont,IL"
35.9122431,-79.0581409,"Claremont,IL"
35.912276,-79.058075,"Claremont,IL"
35.9124429,-79.0576226,"Claremont,IL"
35.91260147,-79.05970001,"Claremont,IL"
35.91260147,-79.04589844,"Claremont,IL"
35.9129982,-79.0565033,"Claremont,IL"
35.9131012,-79.05590057,"Claremont,IL"
35.9131012,-79.05909729,"Claremont,IL"
35.9131996,-79.0558445,"Claremont,IL"
35.91320038,-79.05509949,"Claremont,IL"
35.91328,-79.0553949,"Claremont,IL"
35.91339874,-79.05560303,"Claremont,IL"
35.91350174,-79.05470276,"Claremont,IL"
35.9135645,-79.0547489,"Claremont,IL"
35.91369247,-79.05438232,"Claremont,IL"
35.9137001,-79.05480194,"Claremont,IL"
35.913796,-79.054285,"Claremont,IL"
35.91379929,-79.05460358,"Claremont,IL"
35.9138006,-79.0541189,"Claremont,IL"
35.914474,-79.052929,"Claremont,IL"
35.921069,-79.0557942,"Claremont,IL"
37.1618,-80.4327,"Claremont,IL"
37.1646,-80.4246,"Claremont,IL"
37.1763784,-80.4185556,"Cohoes,IL"
37.187157,-80.407286,"Cohoes,IL"
37.18759918,-80.40679932,"Cohoes,IL"
37.18780136,-80.40730286,"Cohoes,IL"
37.1992,-80.4012,"Cohoes,IL"
37.213553,-80.4006212,"College Park,IL"
37.2144133,-80.4005244,"College Park,IL"
37.2158591,-80.4009489,"College Park,IL"
37.2159996,-80.46309662,"College Park,IL"
37.2178476,-80.4020303,"College Park,IL"
37.21889877,-80.40219879,"College Park,IL"
37.2194609,-80.4031586,"College Park,IL"
37.229474,-80.415566,"College Park,IL"
37.2299999,-80.415,"College Park,IL"
37.2302682,-80.4149462,"College Park,IL"
37.230685,-80.415536,"College Park,IN"
37.231502,-80.428816,"College Park,IN"
37.23160172,-80.415802,"College Park,IN"
37.2316838,-80.4329917,"College Park,IN"
37.2317009,-80.43229675,"College Park,IN"
37.2329567,-80.4215703,"College Park,IN"
37.23300171,-80.41809845,"College Park,IN"
37.23300171,-80.42099762,"College Park,IN"
37.2331,-80.422,"College Park,IN"
37.23350143,-80.43319702,"College Park,IN"
37.2337,-80.4342,"College Park,IN"
37.233791,-80.432924,"College Park,IN"
37.234296,-80.43299,"College Park,IN"
37.23669815,-80.43440247,"College Park,IN"
37.42,-122.17,"College Park,IN"
37.4227062,-122.1673116,"College Park,IN"
37.4234961,-122.1723924,"College Park,IN"
37.42350006,-122.1640015,"College Park,IN"
37.42369843,-122.1709976,"College Park,IN"
37.423702,-122.17093,"College Park,IN"
37.424096,-122.170656,"College Park,IN"
37.424184,-122.164279,"College Park,IN"
37.4243152,-122.1631193,"College Park,IN"
37.42449951,-122.1641998,"College Park,IN"
37.4245907,-122.1621267,"College Park,IN"
37.4250777,-122.172576,"College Park,IN"
37.42614746,-122.1689148,"College Park,IN"
37.426398,-122.16836,"College Park,IN"
37.4271226,-122.159332,"College Park,IN"
37.427481,-122.162664,"College Park,IN"
37.4275071,-122.1598475,"East Windsor,IN"
37.42819977,-122.1589966,"Greenbelt,IN"
37.42825155,-122.1755004,"Greenbelt,IN"
37.42926541,-122.1735907,"Greenbelt,IN"
37.429571,-122.165666,"Greenbelt,IN"
37.429759,-122.16204,"Greenbelt,IN"
37.429806,-122.166674,"Greenbelt,IN"
37.4305999,-122.174132,"Greenbelt,IN"
37.431525,-122.164128,"Greenbelt,IN"
37.4325584,-122.1606275,"Hadley,IN"
37.433362,-122.176621,"Hadley,IN"
37.434303,-122.1633,"Hadley,IN"
37.434723,-122.178095,"Hadley,IN"
37.4347387,-122.1632672,"Hadley,IN"
37.43491,-122.175585,"Hadley,IN"
37.435602,-122.178547,"Hadley,IN"
37.4357,-122.178609,"Hadley,IN"
37.436651,-122.1782,"Hadley,IN"
37.436651,-122.1782,"Hatfield,IN"
37.436651,-122.1782,"Houston,IN"
37.436778,-122.172471,"Houston,IN"
37.436861,-122.176099,"Houston,IN"
37.43690109,-122.1719971,"Houston,IN"
37.4369454,-122.1732298,"Houston,IN"
37.436978,-122.173164,"Houston,IN"
37.4370436,-122.1768093,"Houston,MA"
37.43709946,-122.1729965,"Houston,MA"
37.4374517,-122.1601041,"Houston,MA"
37.437722,-122.176795,"Houston,MA"
37.437993,-122.175243,"Houston,MA"
37.438298,-122.1607142,"Houston,MA"
37.438364,-122.161038,"Houston,MA"
37.43840027,-122.1610031,"Houston,MA"
37.43920135,-122.1620026,"Houston,MA"
37.4392388,-122.1740864,"Houston,MA"
37.439244,-122.1741,"Houston,MA"
37.439425,-122.162198,"Houston,MA"
37.43970108,-122.1729965,"Houston,MA"
37.44079971,-122.1719971,"Houston,MA"
37.44100189,-122.1719971,"Houston,MA"
37.866393,-122.2586747,"Houston,MA"
37.8664762,-122.2588111,"Houston,MA"
37.866939,-122.258805,"Houston,MA"
37.8669727,-122.2582495,"Houston,MA"
37.867014,-122.2590009,"Houston,MA"
37.86709976,-122.2580032,"Houston,MA"
37.867166,-122.258856,"Houston,MA"
37.867381,-122.262758,"Houston,MA"
37.867529,-122.258374,"Houston,MA"
37.86764,-122.260574,"Houston,MA"
37.867647,-122.260529,"Houston,MA"
37.867657,-122.258967,"Houston,MA"
37.867666,-122.260393,"Houston,MA"
37.867671,-122.25789,"Houston,MA"
37.8677083,-122.2596404,"Houston,MA"
37.8677205,-122.2595445,"Houston,MA"
37.867796,-122.259496,"Houston,MA"
37.8678572,-122.2582228,"Houston,MA"
37.8678752,-122.2598586,"Houston,MA"
37.8678839,-122.256854,"Houston,MA"
37.86790085,-122.2570038,"Hyattsville,MA"
37.867906,-122.256275,"Hyattsville,MA"
37.86791,-122.258675,"Hyattsville,MA"
37.867915,-122.25863,"Hyattsville,MA"
37.867931,-122.258494,"Hyattsville,MA"
37.8679733,-122.2575594,"Hyattsville,MA"
37.86800003,-122.2580032,"Hyattsville,MA"
37.86801147,-122.2584381,"Hyattsville,MA"
37.868041,-122.25849,"Ithaca,MA"
37.868103,-122.259316,"Ithaca,MA"
37.868133,-122.256725,"Ithaca,MA"
37.868143,-122.2565412,"Ithaca,MA"
37.868292,-122.259359,"Ithaca,MA"
37.86830139,-122.2590027,"Ithaca,MA"
37.868379,-122.262289,"Ithaca,MA"
37.868429,-122.260698,"Ithaca,MA"
37.86849976,-122.2610016,"Ithaca,MA"
37.868603,-122.2599606,"Ithaca,MA"
37.8686039,-122.2594385,"Ithaca,MA"
37.868605,-122.25825,"Ithaca,MA"
37.868628,-122.259189,"Ithaca,MA"
37.86869812,-122.2580032,"Ithaca,MA"
37.868713,-122.259209,"Ithaca,MA"
37.8687336,-122.2583704,"Ithaca,MA"
37.868766,-122.256558,"Ithaca,MA"
37.86880112,-122.2570038,"Ithaca,MA"
37.86880112,-122.2600021,"Ithaca,MA"
37.86880112,-122.2580032,"Ithaca,MA"
37.86899948,-122.2580032,"Ithaca,MA"
37.87052569,-122.254926,"Ithaca,MA"
37.8717622,-122.2562242,"Ithaca,MA"
38.96310043,-76.93930054,"Ithaca,MA"
38.96409988,-76.95179749,"Ithaca,MA"
38.96668,-76.959315,"Ithaca,MA"
38.96699905,-76.95950317,"Ithaca,MA"
38.9678737,-76.9575286,"Ithaca,MA"
38.9681924,-76.9521838,"Ithaca,MA"
38.97740173,-76.92520142,"Ithaca,MA"
38.9781757,-76.9288901,"Ithaca,MA"
38.97974,-76.937606,"Ithaca,MA"
38.979909,-76.937609,"Ithaca,MA"
38.97999954,-76.93779755,"Ithaca,MA"
38.97999954,-76.93800354,"Ithaca,MA"
38.9800375,-76.9258901,"Ithaca,MA"
38.98009872,-76.93779755,"Ithaca,MA"
38.9802545,-76.9377949,"Ithaca,MA"
38.980483,-76.937095,"Ithaca,MA"
38.9808,-76.9373,"Ithaca,MA"
38.981191,-76.9380609,"Ithaca,MA"
38.9815209,-76.9379037,"Ithaca,MA"
38.9817009,-76.93849945,"Ithaca,MA"
38.981784,-76.938574,"Ithaca,MA"
38.9817902,-76.9386431,"Ithaca,MA"
38.9835042,-76.9771213,"Ithaca,MA"
38.9855753,-76.9572445,"Ithaca,MA"
38.9901254,-76.9405393,"Ithaca,MA"
38.990908,-76.932757,"Ithaca,MA"
38.99119949,-76.93389893,"Ithaca,MA"
38.9914252,-76.9336447,"Ithaca,MA"
38.9925259,-76.9514377,"Ithaca,MA"
38.9927968,-76.9330265,"Ithaca,MA"
38.994673,-76.932043,"Kingston,MA"
38.99499893,-76.92749786,"Kitchener,MA"
38.9957565,-76.9315802,"Kitchener,MA"
38.99639893,-76.90720367,"Kitchener,MA"
38.9970349,-76.9070655,"Kitchener,MA"
38.99720001,-76.9068985,"Kitchener,MA"
38.9975206,-76.9087735,"La Jolla,MA"
38.997609,-76.909667,"La Jolla,MA"
38.997701,-76.910913,"La Jolla,MA"
38.9978183,-76.9113647,"La Jolla,MA"
38.997999,-76.911896,"La Jolla,MA"
38.9980956,-76.9119856,"La Jolla,MA"
38.99810028,-76.91449738,"La Jolla,MA"
38.998112,-76.912036,"La Jolla,MA"
38.99819946,-76.92710114,"La Jolla,MA"
38.99819946,-76.91200256,"La Jolla,MA"
38.99840164,-76.92700195,"La Jolla,MA"
38.9996864,-76.9599663,"La Jolla,MA"
39.00329971,-76.93080139,"La Jolla,MA"
39.00429916,-76.93049622,"La Jolla,MA"
39.004686,-76.970775,"La Jolla,MA"
39.00477,-76.970073,"La Jolla,MA"
39.0060997,-76.92980194,"La Jolla,MA"
39.008203,-76.930318,"La Jolla,MA"
39.00839996,-76.92919922,"La Jolla,MA"
39.00910187,-76.92900085,"La Jolla,MA"
39.0143013,-76.92780304,"La Jolla,MA"
39.0161314,-76.9306077,"La Jolla,MA"
39.01649857,-76.93180084,"La Jolla,MA"
39.947617,-75.192275,"La Jolla,MA"
39.948205,-75.193303,"La Jolla,MA"
39.94906252,-75.19815445,"La Jolla,MA"
39.9497575,-75.1916742,"La Jolla,MA"
39.9500166,-75.1931012,"La Jolla,MA"
39.950483,-75.19283,"La Jolla,MA"
39.95074844,-75.19532013,"La Jolla,MA"
39.951021,-75.197243,"La Jolla,MA"
39.95113,-75.199939,"La Jolla,MA"
39.9512588,-75.1991465,"La Jolla,MD"
39.9516983,-75.20189667,"La Jolla,MD"
39.95205632,-75.18512964,"La Jolla,MD"
39.95209885,-75.18599701,"La Jolla,MD"
39.9521015,-75.1865322,"La Jolla,MD"
39.952197,-75.191849,"La Jolla,MD"
39.9522303,-75.1901014,"La Jolla,MD"
39.952402,-75.199033,"La Jolla,MD"
39.95280075,-75.19210052,"La Jolla,MD"
39.952892,-75.192779,"La Jolla,MD"
39.95309067,-75.19487762,"La Jolla,MD"
39.95330048,-75.19660187,"La Jolla,MD"
39.953306,-75.19499,"La Jolla,MD"
39.953387,-75.196762,"Lafayette,MD"
39.95349884,-75.1984024,"Lafayette,MD"
39.9535,-75.192887,"Lafayette,MD"
39.9535249,-75.1976814,"Lafayette,MD"
39.9536174,-75.1949352,"Lafayette,MD"
39.9536332,-75.1871846,"Lafayette,MD"
39.9537625,-75.194636,"Lafayette,MD"
39.9538002,-75.19290161,"Lafayette,MD"
39.9538657,-75.1956868,"Lafayette,MD"
39.9541371,-75.2019963,"Lafayette,MD"
39.954332,-75.201935,"Lafayette,MD"
39.954394,-75.19863,"Lafayette,MD"
39.95439911,-75.19470215,"Lafayette,MD"
39.954485,-75.199365,"Lafayette,MD"
39.954622,-75.185108,"Lafayette,MD"
39.954622,-75.194077,"Lafayette,MD"
39.95479965,-75.19490051,"Lafayette,MD"
39.95479965,-75.19480133,"Lafayette,MD"
39.9549304,-75.2001318,"Lafayette,MD"
39.955066,-75.196776,"Lafayette,MD"
39.955158,-75.198752,"Lafayette,MD"
39.955216,-75.185121,"Lafayette,MD"
39.955285,-75.202347,"Lafayette,MD"
39.95529938,-75.20030212,"Lafayette,MD"
39.95529938,-75.20010376,"Lafayette,MD"
39.955806,-75.194665,"Lafayette,MD"
39.95600128,-75.19280243,"Lafayette,MD"
39.95610046,-75.19329834,"Lafayette,MD"
39.95610046,-75.1934967,"Lafayette,MD"
39.9569685,-75.1992897,"Lansingburgh,MD"
39.9571991,-75.19120026,"Latham,MD"
39.9572391,-75.1995344,"Latham,MD"
39.958109,-75.192765,"Los Angeles,MD"
39.9583566,-75.1929016,"Los Angeles,MD"
39.9583587,-75.1953934,"Los Angeles,MD"
39.95869827,-75.19360352,"Los Angeles,MD"
39.959837,-75.194264,"Los Angeles,MD"
39.96009827,-75.19689941,"Los Angeles,MD"
39.96009827,-75.19680023,"Los Angeles,MD"
40.10620117,-88.22409821,"Los Angeles,MD"
40.1063691,-88.2412504,"Los Angeles,MD"
40.106437,-88.221653,"Los Angeles,MD"
40.1067009,-88.22319794,"Los Angeles,MD"
40.107003,-88.221541,"Los Angeles,MD"
40.10789871,-88.23000336,"Los Angeles,MD"
40.10789871,-88.22930145,"Los Angeles,MD"
40.108003,-88.23022,"Los Angeles,MD"
40.108046,-88.221571,"Los Angeles,MD"
40.108174,-88.22977,"Los Angeles,MI"
40.1086998,-88.22409821,"Los Angeles,MI"
40.108868,-88.243624,"Los Angeles,MI"
40.10889816,-88.23079681,"Los Angeles,MI"
40.10900116,-88.24369812,"Los Angeles,MI"
40.1091819,-88.2315163,"Los Angeles,MI"
40.10933,-88.231668,"Los Angeles,MI"
40.110083,-88.229496,"Los Angeles,MI"
40.11009979,-88.2303009,"Los Angeles,MI"
40.11009979,-88.24320221,"Los Angeles,MI"
40.110113,-88.235388,"Los Angeles,MI"
40.110143,-88.232077,"Los Angeles,MI"
40.110148,-88.24275,"Los Angeles,MI"
40.11019897,-88.23639679,"Los Angeles,MI"
40.110209,-88.242266,"Los Angeles,MI"
40.110252,-88.235233,"Los Angeles,MI"
40.1102562,-88.23184967,"Los Angeles,MI"
40.110267,-88.23348,"Los Angeles,MI"
40.1102839,-88.2333926,"Los Angeles,MI"
40.110284,-88.232075,"Los Angeles,MI"
40.110286,-88.23194,"Los Angeles,MI"
40.110286,-88.231974,"Los Angeles,MI"
40.11040115,-88.24099731,"Los Angeles,MI"
40.11040115,-88.23020172,"Los Angeles,MI"
40.11040115,-88.23339844,"Los Angeles,MI"
40.110409,-88.233218,"Los Angeles,MI"
40.11050034,-88.22969818,"Los Angeles,MI"
40.11050034,-88.23310089,"Los Angeles,MI"
40.110554,-88.232373,"Los Angeles,MI"
40.1106987,-88.24230194,"Los Angeles,MI"
40.1114006,-88.22879791,"Los Angeles,MI"
40.11149979,-88.22879791,"Los Angeles,MI"
40.1115764,-88.2435433,"Los Angeles,MI"
40.11244202,-88.23703766,"Los Angeles,MI"
40.112638,-88.240292,"Los Angeles,MI"
40.11270142,-88.22989655,"Los Angeles,MI"
40.1155777,-88.22587585,"Los Angeles,MI"
40.11560059,-88.21920013,"Los Angeles,MI"
40.1160999,-88.2193479,"Los Angeles,MI"
40.116193,-88.241866,"Los Angeles,MI"
40.11619949,-88.23739624,"Los Angeles,MI"
40.11629868,-88.23200226,"Los Angeles,MI"
40.11629868,-88.24150085,"Los Angeles,MI"
40.11640167,-88.24160004,"Los Angeles,MI"
40.11640167,-88.23390198,"Los Angeles,MI"
40.116448,-88.241984,"Los Angeles,MI"
40.1171451,-88.2415117,"Los Angeles,MI"
40.117604,-88.2413015,"Los Angeles,MI"
40.3096592,-74.6655092,"Los Angeles,MI"
40.309671,-74.6676499,"Los Angeles,MI"
40.312503,-74.663687,"Los Angeles,MI"
40.3143709,-74.6585268,"Los Angeles,MI"
40.3484,-74.657934,"Los Angeles,MI"
40.349182,-74.66292,"Los Angeles,MI"
40.34923,-74.662567,"Los Angeles,MI"
40.349413,-74.660829,"Los Angeles,MI"
40.34970093,-74.66149902,"Los Angeles,MI"
40.349747,-74.661291,"Los Angeles,MI"
40.3498259,-74.6616808,"Los Angeles,MI"
40.349839,-74.6616971,"Los Angeles,MI"
40.349854,-74.660287,"Los Angeles,MI"
40.3498595,-74.6613487,"Los Angeles,MI"
40.349984,-74.658521,"Los Angeles,MI"
40.350031,-74.659581,"Los Angeles,MI"
40.350087,-74.659722,"Los Angeles,MI"
40.3501831,-74.6618579,"Los Angeles,MI"
40.350278,-74.65873,"Los Angeles,MI"
40.350358,-74.657135,"Los Angeles,MI"
40.350477,-74.660065,"Los Angeles,MI"
40.3504872,-74.6608915,"Los Angeles,NC"
40.350533,-74.656594,"Los Angeles,NC"
40.3505332,-74.656594,"Los Angeles,NC"
40.3506012,-74.66210175,"Los Angeles,NC"
40.350731,-74.659781,"Los Angeles,NC"
40.351027,-74.660913,"Los Angeles,NC"
40.351052,-74.660121,"Los Angeles,NC"
40.351078,-74.656339,"Los Angeles,NC"
40.3510976,-74.6593648,"Los Angeles,NC"
40.351104,-74.65995,"Los Angeles,NC"
40.35111,-74.660342,"Los Angeles,NC"
40.351121,-74.656908,"Los Angeles,NC"
40.35124,-74.654873,"Los Angeles,NC"
40.3515154,-74.6158915,"Los Angeles,NC"
40.3517663,-74.662416,"Los Angeles,NC"
40.3520668,-74.6524244,"Los Angeles,NC"
40.352084,-74.651665,"Los Angeles,NC"
40.3522783,-74.6510123,"Manhattan,NC"
40.353307,-74.616103,"Manhattan,NC"
40.35380173,-74.66139984,"Manhattan,NC"
40.354269,-74.613346,"Manhattan,NC"
40.354928,-74.6128,"New York,NC"
40.3559755,-74.6140076,"New York,NC"
40.3568329,-74.6142118,"New York,NC"
40.363369,-74.6510221,"New York,NC"
40.3656754,-74.6535158,"New York,NC"
40.3739853,-74.617705,"New York,NC"
40.38899994,-74.65670013,"New York,NC"
40.40119934,-86.85849762,"New York,NC"
40.41009903,-86.88610077,"New York,NC"
40.412073,-86.857617,"New York,NC"
40.4167022,-86.8752869,"New York,NC"
40.4168285,-86.878087,"New York,NC"
40.41699982,-86.85790253,"New York,NC"
40.417136,-86.893374,"New York,NC"
40.4173046,-86.8916668,"New York,NC"
40.4174836,-86.8581418,"New York,NC"
40.41759872,-86.85939789,"New York,NC"
40.41770172,-86.85700226,"New York,NC"
40.41770172,-86.85790253,"New York,NC"
40.41809845,-86.89510345,"New York,NC"
40.41839981,-86.89430237,"New York,NC"
40.418497,-86.892112,"New York,NC"
40.418816,-86.890373,"New York,NC"
40.4188269,-86.8521406,"New York,NC"
40.418882,-86.886963,"New York,NC"
40.418988,-86.894575,"New York,NC"
40.4191216,-86.8904345,"New York,NC"
40.4191255,-86.8908394,"New York,NC"
40.4191394,-86.8861769,"New York,NC"
40.419475,-86.895482,"New York,NC"
40.41989899,-86.90080261,"New York,NC"
40.41999817,-86.89430237,"New York,NC"
40.42050171,-86.90119934,"New York,NJ"
40.4207915,-86.8605514,"New York,NJ"
40.4211438,-86.9018885,"New York,NJ"
40.421251,-86.90507,"New York,NJ"
40.421603,-86.90516,"New York,NJ"
40.42200089,-86.90180206,"New York,NJ"
40.422167,-86.902247,"New York,NJ"
40.4223751,-86.9073866,"New York,NJ"
40.42240143,-86.90730286,"New York,NJ"
40.42259979,-86.90750122,"New York,NJ"
40.42290115,-86.90609741,"New York,NJ"
40.423754,-86.908395,"New York,NJ"
40.423896,-86.906929,"New York,NJ"
40.4239242,-86.9069179,"New York,NJ"
40.4239993,-86.9069176,"New York,NJ"
40.42399979,-86.90699768,"New York,NJ"
40.4240953,-86.9083924,"New York,NJ"
40.42409897,-86.90859985,"New York,NJ"
40.42409897,-86.90809631,"New York,NJ"
40.42427,-86.906759,"New York,NJ"
40.424386,-86.907984,"New York,NJ"
40.42440033,-86.89320374,"New York,NJ"
40.424525,-86.908326,"New York,NJ"
40.424542,-86.908882,"New York,NJ"
40.42470169,-86.90709686,"New York,NJ"
40.424838,-86.885991,"Oakland,NJ"
40.425587,-86.90814,"Palo Alto,NJ"
40.42879868,-86.87249756,"Palo Alto,NJ"
40.43019867,-86.88210297,"Palo Alto,NJ"
40.4335466,-86.8648878,"Palo Alto,NJ"
40.436539,-79.95473,"Palo Alto,NJ"
40.43683,-79.954664,"Palo Alto,NJ"
40.4368472,-79.9546945,"Palo Alto,NJ"
40.43719864,-79.95480347,"Palo Alto,NJ"
40.43889999,-79.95510101,"Palo Alto,NJ"
40.43889999,-86.92649841,"Palo Alto,NJ"
40.43920135,-79.96179962,"Palo Alto,NJ"
40.4402287,-79.9565889,"Palo Alto,NJ"
40.44029999,-79.95639801,"Palo Alto,NJ"
40.44039917,-79.95580292,"Palo Alto,NJ"
40.44049835,-79.95860291,"Palo Alto,NJ"
40.440499,-79.953844,"Palo Alto,NJ"
40.44110107,-79.95939636,"Palo Alto,NJ"
40.441111,-79.957968,"Palo Alto,NJ"
40.4412316,-79.9566031,"Palo Alto,NJ"
40.44139862,-79.95870209,"Palo Alto,NJ"
40.441471,-79.957145,"Palo Alto,NJ"
40.44150162,-79.95839691,"Palo Alto,NJ"
40.4416008,-79.95860291,"Palo Alto,NJ"
40.4416524,-79.9583862,"Palo Alto,NJ"
40.4418197,-79.9571314,"Palo Alto,NJ"
40.44200134,-79.9394989,"Palo Alto,NY"
40.44250107,-79.95700073,"Palo Alto,NY"
40.443485,-79.952252,"Palo Alto,NY"
40.4438303,-79.9487505,"Palo Alto,NY"
40.44430161,-79.95459747,"Palo Alto,NY"
40.444498,-79.943701,"Palo Alto,NY"
40.44449997,-79.9484024,"Palo Alto,NY"
40.4446055,-79.9485786,"Palo Alto,NY"
40.444842,-79.9487592,"Palo Alto,NY"
40.444853,-79.94876,"Palo Alto,NY"
40.444896,-79.948368,"Palo Alto,NY"
40.4454151,-79.9488183,"Palo Alto,NY"
40.445641,-79.948937,"Palo Alto,NY"
40.4457016,-79.94850159,"Palo Alto,NY"
40.4469986,-79.94660187,"Palo Alto,NY"
40.447274,-79.947188,"Palo Alto,NY"
40.4503155,-79.9510348,"Pasadena,NY"
40.45069885,-79.93489838,"Pasadena,NY"
40.4508301,-79.9350057,"Pasadena,NY"
40.450869,-79.9358002,"Pasadena,NY"
40.450954,-79.933592,"Pasadena,NY"
40.451093,-79.9348922,"Pasadena,NY"
40.4510994,-79.93360138,"Pasadena,NY"
40.4511468,-79.934713,"Pasadena,NY"
40.45119858,-79.93340302,"Pasadena,NY"
40.45119858,-79.9335022,"Pasadena,NY"
40.45159912,-79.93299866,"Pasadena,NY"
40.45159912,-79.93280029,"Pasadena,NY"
40.451672,-79.952739,"Pasadena,NY"
40.4516983,-79.93190002,"Pasadena,NY"
40.4521046,-79.9516401,"Pasadena,NY"
40.452137,-79.950604,"Pasadena,NY"
40.45270157,-79.94960022,"Pasadena,NY"
40.452874,-86.90994,"Pasadena,NY"
40.45289993,-86.91110229,"Pasadena,NY"
40.45337,-79.947445,"Pasadena,NY"
40.45339966,-79.93180084,"Pasadena,NY"
40.45339966,-86.91419983,"Pasadena,NY"
40.453422,-86.926187,"Pasadena,NY"
40.4539635,-79.948715,"Pasadena,NY"
40.4545673,-79.9449464,"Pasadena,NY"
40.454622,-79.9454,"Pasadena,NY"
40.4546989,-79.9544403,"Pasadena,NY"
40.4547022,-79.9464175,"Pasadena,NY"
40.455289,-79.943795,"Pasadena,NY"
40.456058,-79.939785,"Pasadena,NY"
40.458827,-79.9435043,"Pasadena,NY"
40.4605246,-86.9274524,"Pasadena,NY"
40.8018919,-73.9649198,"Pasadena,NY"
40.801906,-73.96151,"Pasadena,NY"
40.8021459,-73.9646946,"Pasadena,NY"
40.802545,-73.964154,"Pasadena,NY"
40.80260086,-73.9641037,"Pasadena,NY"
40.802798,-73.96736,"Pasadena,NY"
40.80310059,-73.96360016,"Pasadena,NY"
40.80315,-73.963724,"Pasadena,NY"
40.8032404,-73.9664032,"Pasadena,NY"
40.8035059,-73.9562427,"Pasadena,NY"
40.8041623,-73.9665709,"Pasadena,NY"
40.8045856,-73.9665373,"Pasadena,NY"
40.80485,-73.955045,"Pasadena,NY"
40.8048653,-73.9663367,"Pasadena,NY"
40.8048918,-73.9663174,"Pasadena,NY"
40.8050109,-73.9649435,"Pasadena,NY"
40.8050551,-73.9548817,"Pasadena,NY"
40.8051343,-73.957029,"Pasadena,NY"
40.80519867,-73.96559906,"Pasadena,NY"
40.80522,-73.9663939,"Pasadena,NY"
40.8052469,-73.9657812,"Pasadena,NY"
40.8052722,-73.9623564,"Pasadena,NY"
40.8053032,-73.9660115,"Philadelphia,NY"
40.8053612,-73.9621191,"Philadelphia,NY"
40.8054183,-73.9656807,"Philadelphia,NY"
40.80550003,-73.9654007,"Philadelphia,NY"
40.80559921,-73.96530151,"Philadelphia,NY"
40.805846,-73.954338,"Philadelphia,NY"
40.8059499,-73.9652679,"Philadelphia,NY"
40.806297,-73.965438,"Philadelphia,NY"
40.80636,-73.964976,"Philadelphia,NY"
40.8064003,-73.9539032,"Philadelphia,NY"
40.80651,-73.961271,"Philadelphia,NY"
40.806663,-73.964729,"Philadelphia,NY"
40.806698,-73.964704,"Philadelphia,NY"
40.80670166,-73.96450043,"Philadelphia,NY"
40.8067061,-73.9647248,"Philadelphia,NY"
40.806765,-73.965311,"Philadelphia,NY"
40.8070245,-73.9647554,"Philadelphia,NY"
40.807124,-73.964247,"Philadelphia,NY"
40.8071249,-73.9644045,"Philadelphia,NY"
40.807422,-73.958402,"Philadelphia,NY"
40.8078378,-73.9641588,"Philadelphia,NY"
40.80799866,-73.96430206,"Philadelphia,NY"
40.80811691,-73.96372223,"Philadelphia,NY"
40.80950165,-73.95899963,"Philadelphia,NY"
40.8095665,-73.9592589,"Philadelphia,NY"
40.809642,-73.9598986,"Philadelphia,NY"
40.80970001,-73.95870209,"Philadelphia,NY"
40.8097882,-73.9588907,"Philadelphia,NY"
40.8098612,-73.9586058,"Philadelphia,NY"
40.8103451,-73.9620344,"Philadelphia,NY"
40.8103981,-73.95819855,"Philadelphia,NY"
40.810659,-73.963394,"Philadelphia,NY"
40.811172,-73.958267,"Philadelphia,NY"
40.8115136,-73.9612017,"Philadelphia,NY"
40.8120609,-73.9572297,"Philadelphia,NY"
40.812105,-73.957019,"Philadelphia,NY"
40.812185,-73.960004,"Philadelphia,NY"
40.81262,-73.963003,"Philadelphia,NY"
40.8129158,-73.96044922,"Philadelphia,NY"
41.819265,-71.399831,"Philadelphia,NY"
41.819283,-71.399082,"Philadelphia,NY"
41.81930161,-71.39929962,"Philadelphia,NY"
41.81940079,-71.39980316,"Philadelphia,NY"
41.819425,-71.399892,"Philadelphia,NY"
41.81948,-71.398122,"Philadelphia,NY"
41.820343,-71.3985189,"Philadelphia,NY"
41.82099915,-71.40370178,"Philadelphia,NY"
41.821454,-71.404471,"Philadelphia,NY"
41.8219986,-71.4048996,"Philadelphia,NY"
41.822019,-71.39636,"Philadelphia,NY"
41.822215,-71.409998,"Philadelphia,NY"
41.822865,-71.411168,"Philadelphia,NY"
41.8229329,-71.4125767,"Philadelphia,NY"
41.822984,-71.411408,"Philadelphia,NY"
41.822992,-71.41248,"Philadelphia,NY"
41.822996,-71.409499,"Philadelphia,NY"
41.8230043,-71.4124762,"Philadelphia,NY"
41.823508,-71.398748,"Philadelphia,NY"
41.8237161,-71.4099892,"Philadelphia,NY"
41.823757,-71.408643,"Philadelphia,NY"
41.8239891,-71.4128343,"Philadelphia,NY"
41.82411,-71.409959,"Philadelphia,NY"
41.8246342,-71.4131584,"Pittsburgh,NY"
41.8262872,-71.4117403,"Pittsburgh,NY"
41.826956,-71.408718,"Pittsburgh,NY"
41.82730103,-71.40070343,"Pittsburgh,NY"
41.827498,-71.400126,"Pittsburgh,NY"
41.827514,-71.400317,"Pittsburgh,NY"
41.8276151,-71.40895,"Pittsburgh,NY"
41.827703,-71.408864,"Pittsburgh,NY"
41.827741,-71.40037,"Pittsburgh,NY"
41.827766,-71.400592,"Pittsburgh,NY"
41.82780075,-71.40039825,"Pittsburgh,NY"
41.82780075,-71.40920258,"Pittsburgh,NY"
41.827848,-71.400603,"Pittsburgh,NY"
41.827912,-71.401182,"Pittsburgh,NY"
41.8280983,-71.40920258,"Pittsburgh,NY"
41.8280983,-71.40000153,"Pittsburgh,NY"
41.828302,-71.409661,"Pittsburgh,NY"
41.82833099,-71.4006958,"Pittsburgh,NY"
41.828793,-71.3939,"Pittsburgh,NY"
41.8289029,-71.40058,"Pittsburgh,NY"
41.8289298,-71.408292,"Pittsburgh,NY"
41.828985,-71.400574,"Pittsburgh,NY"
41.829102,-71.400769,"Pittsburgh,NY"
41.8291737,-71.4004604,"Pittsburgh,NY"
41.829235,-71.400943,"Pittsburgh,NY"
41.829378,-71.400636,"Pittsburgh,NY"
41.82939911,-71.40859985,"Pittsburgh,NY"
41.829583,-71.400645,"Pittsburgh,NY"
41.829591,-71.401052,"Pittsburgh,NY"
41.82960129,-71.40070343,"Pittsburgh,NY"
41.82985,-71.401119,"Pittsburgh,NY"
41.829858,-71.401027,"Pittsburgh,NY"
41.829942,-71.40088,"Pittsburgh,NY"
41.83050156,-71.40080261,"Pittsburgh,NY"
42.274863,-83.734361,"Pittsburgh,NY"
42.27489853,-83.7338028,"Pittsburgh,NY"
42.27489853,-83.73490143,"Pittsburgh,ON"
42.274938,-83.734578,"Pittsburgh,ON"
42.274983,-83.7355138,"Pittsburgh,ON"
42.274991,-83.7351,"Pittsburgh,ON"
42.274999,-83.7340997,"Pittsburgh,ON"
42.275001,-83.734565,"Pittsburgh,ON"
42.27500153,-83.73439789,"Pittsburgh,ON"
42.27500153,-83.73449707,"Pittsburgh,ON"
42.2750164,-83.7336938,"Pittsburgh,ON"
42.275018,-83.734439,"Pittsburgh,ON"
42.27510071,-83.73290253,"Pittsburgh,ON"
42.27510071,-83.73490143,"Pittsburgh,ON"
42.2761883,-83.7330801,"Pittsburgh,ON"
42.277416,-83.733276,"Pittsburgh,ON"
42.27742004,-83.7419281,"Pittsburgh,ON"
42.27769852,-83.74269867,"Pittsburgh,ON"
42.277815,-83.7408138,"Pittsburgh,ON"
42.2778673,-83.7418247,"Pittsburgh,ON"
42.2778702,-83.7414141,"Pittsburgh,ON"
42.2783534,-83.7415774,"Pittsburgh,ON"
42.27836455,-83.74138713,"Pittsburgh,ON"
42.278471,-83.740754,"Pittsburgh,ON"
42.278599,-83.737734,"Pittsburgh,PA"
42.2786125,-83.740773,"Pittsburgh,PA"
42.278621,-83.74051,"Pittsburgh,PA"
42.278675,-83.738208,"Pittsburgh,PA"
42.278692,-83.740763,"Princeton,PA"
42.27870178,-83.7378006,"Princeton,PA"
42.278723,-83.740764,"Princeton,PA"
42.278792,-83.739828,"Princeton,PA"
42.27880096,-83.7417984,"Princeton,PA"
42.27890015,-83.74089813,"Princeton,PA"
42.27899551,-83.74196625,"Princeton,PA"
42.2790451,-83.7409011,"Princeton,PA"
42.27909851,-83.74060059,"Princeton,PA"
42.27909851,-83.74089813,"Princeton,PA"
42.2791214,-83.74226379,"Princeton,PA"
42.279176,-83.7408193,"Princeton,PA"
42.27930069,-83.74269867,"Princeton,PA"
42.2793475,-83.7413752,"Princeton,PA"
42.2793705,-83.7407975,"Princeton,PA"
42.27939987,-83.7440033,"Princeton,PA"
42.2794234,-83.7427235,"Princeton,PA"
42.2794637,-83.7396212,"Princeton,PA"
42.27949905,-83.74169922,"Princeton,PA"
42.27949905,-83.74150085,"Princeton,PA"
42.27949905,-83.74259949,"Princeton,PA"
42.27965845,-83.74079704,"Princeton,PA"
42.279964,-83.741998,"Princeton,PA"
42.27999878,-83.73970032,"Princeton,PA"
42.2800443,-83.7408329,"Princeton,PA"
42.2803659,-83.7371419,"Princeton,PA"
42.280432,-83.738174,"Princeton,PA"
42.28139877,-83.74520111,"Princeton,PA"
42.281404,-83.7273529,"Princeton,PA"
42.282849,-83.738495,"Princeton,PA"
42.2836,-83.7455,"Princeton,PA"
42.283945,-83.745899,"Princeton,PA"
42.28409958,-83.74590302,"Princeton,PA"
42.284388,-83.745812,"Princeton,PA"
42.284564,-83.745115,"Princeton,PA"
42.28559875,-83.74449921,"Princeton,PA"
42.28919983,-83.73950195,"Princeton,PA"
42.289905,-83.737827,"Princeton,PA"
42.29019928,-83.73709869,"Princeton,PA"
42.350061,-72.588608,"Princeton,PA"
42.3505448,-72.5273729,"Princeton,PA"
42.3512001,-72.56420135,"Princeton,PA"
42.3529817,-71.0905406,"Princeton,PA"
42.35369873,-72.55860138,"Princeton,PA"
42.355161,-72.555778,"Princeton,PA"
42.357072,-72.5475266,"Providence,PA"
42.3577214,-72.5512059,"Providence,PA"
42.357902,-72.550471,"Providence,PA"
42.35850143,-71.09339905,"Providence,PA"
42.358815,-71.096199,"Providence,PA"
42.359098,-71.093635,"Providence,PA"
42.35913,-71.087542,"Providence,PA"
42.359237,-71.093749,"Providence,PA"
42.3593239,-71.0869775,"Providence,PA"
42.359757,-72.544215,"Providence,PA"
42.360281,-71.1009186,"Providence,PA"
42.360948,-71.0962379,"Providence,PA"
42.3611636,-71.0966021,"Providence,PA"
42.3614006,-71.09729767,"Providence,PA"
42.3614659,-71.0982825,"Providence,PA"
42.361648,-71.08431,"Providence,PA"
42.361753,-71.091419,"Providence,PA"
42.361957,-71.097674,"Providence,PA"
42.362197,-71.084337,"Providence,PA"
42.36222,-71.084474,"Providence,PA"
42.362246,-71.082349,"Providence,PA"
42.362331,-71.085484,"Providence,PA"
42.362355,-71.098577,"Providence,PA"
42.3623694,-71.098636,"Providence,PA"
42.362524,-71.086661,"Providence,PA"
42.36270142,-72.56310272,"Providence,PA"
42.3628006,-72.540802,"Providence,PA"
42.362805,-71.084037,"Providence,PA"
42.36302704,-71.08592033,"Providence,PA"
42.3631506,-71.085664,"Providence,PA"
42.363334,-71.10107,"Providence,PA"
42.363427,-71.087075,"Providence,PA"
42.3636051,-71.0868579,"Providence,PA"
42.363713,-71.082117,"Providence,PA"
42.363737,-71.101657,"Providence,PA"
42.363951,-71.10122,"Providence,PA"
42.3643614,-71.0926533,"Providence,PA"
42.364569,-71.096585,"Providence,PA"
42.3647951,-71.1005253,"Providence,PA"
42.3648127,-71.0828954,"Providence,PA"
42.36500168,-71.09300232,"Providence,PA"
42.365701,-71.091852,"Providence,PA"
42.36579895,-71.0923996,"Providence,PA"
42.366287,-71.093309,"Providence,PA"
42.3664357,-71.0910836,"Providence,PA"
42.36666,-71.092228,"Providence,PA"
42.3667268,-71.093979,"Providence,PA"
42.3669733,-71.0979965,"Providence,PA"
42.36703,-71.091384,"Providence,PA"
42.36704,-71.095185,"Providence,PA"
42.367296,-71.089761,"Providence,PA"
42.36740112,-71.09480286,"Providence,PA"
42.36780167,-71.09390259,"Providence,PA"
42.37155,-71.115443,"Providence,PA"
42.37162018,-71.11720276,"Providence,PA"
42.37189865,-71.11499786,"Providence,PA"
42.3719233,-71.115647,"Providence,PA"
42.37200165,-71.11509705,"Riverdale,PA"
42.372014,-71.120201,"San Diego,PA"
42.372057,-71.114278,"San Diego,PA"
42.37216,-71.115664,"San Diego,PA"
42.3722569,-71.119387,"San Diego,PA"
42.3723,-71.1182,"San Diego,PA"
42.37237,-71.118386,"San Diego,PA"
42.3724899,-71.1182766,"San Diego,PA"
42.372547,-71.120177,"San Diego,PA"
42.3726317,-71.1198692,"San Diego,PA"
42.3727538,-71.1165873,"San Diego,PA"
42.372799,-71.119062,"San Diego,PA"
42.3728279,-71.1169894,"San Diego,PA"
42.3728398,-71.1198919,"San Diego,PA"
42.3728431,-71.120606,"San Diego,PA"
42.3729273,-71.1175808,"San Diego,PA"
42.372947,-71.12077,"San Luis Obispo,PA"
42.37300292,-71.11990929,"San Luis Obispo,RI"
42.373099,-72.499279,"San Luis Obispo,RI"
42.37310028,-71.11849976,"San Luis Obispo,RI"
42.373108,-72.505525,"San Luis Obispo,RI"
42.373167,-72.598461,"San Luis Obispo,RI"
42.373193,-71.121154,"San Luis Obispo,RI"
42.3732334,-71.1196188,"San Luis Obispo,RI"
42.3732342,-71.120792,"San Luis Obispo,RI"
42.3732344,-71.1184107,"San Luis Obispo,RI"
42.373238,-71.120836,"San Luis Obispo,RI"
42.3732878,-71.1204333,"San Luis Obispo,RI"
42.37329865,-71.11799622,"San Luis Obispo,RI"
42.37329865,-71.1210022,"San Luis Obispo,RI"
42.373314,-71.1210565,"San Luis Obispo,RI"
42.37333582,-71.12078905,"San Luis Obispo,RI"
42.37335167,-71.11879349,"San Luis Obispo,RI"
42.3734038,-71.1194106,"San Luis Obispo,RI"
42.3734284,-71.1196467,"San Luis Obispo,RI"
42.373429,-71.119398,"San Luis Obispo,RI"
42.373653,-71.114738,"San Luis Obispo,RI"
42.37379837,-71.1187973,"San Luis Obispo,RI"
42.37390137,-71.11920166,"San Luis Obispo,RI"
42.3739184,-71.1193848,"San Luis Obispo,RI"
42.373919,-72.53218,"San Luis Obispo,RI"
42.374,-71.121,"San Luis Obispo,RI"
42.3740846,-71.121445,"San Luis Obispo,RI"
42.37409973,-71.12139893,"San Luis Obispo,RI"
42.3741037,-71.1211323,"San Luis Obispo,RI"
42.374151,-71.120962,"San Luis Obispo,RI"
42.3741768,-71.1215396,"San Luis Obispo,RI"
42.3742981,-71.11902618,"San Luis Obispo,RI"
42.3742981,-71.11920166,"San Luis Obispo,RI"
42.374377,-71.11988,"San Luis Obispo,RI"
42.374379,-71.119955,"San Luis Obispo,RI"
42.37439346,-71.12091064,"San Luis Obispo,RI"
42.374693,-72.519846,"San Luis Obispo,RI"
42.375,-72.50499725,"San Luis Obispo,RI"
42.3751044,-72.5198595,"San Luis Obispo,RI"
42.375669,-72.518932,"San Luis Obispo,RI"
42.375692,-72.518953,"San Luis Obispo,RI"
42.375703,-72.520517,"San Luis Obispo,RI"
42.3757499,-72.5183268,"San Luis Obispo,RI"
42.375772,-72.51974,"San Luis Obispo,RI"
42.375801,-72.518293,"San Luis Obispo,RI"
42.37580109,-72.51940155,"San Luis Obispo,RI"
42.3758049,-72.52037048,"San Luis Obispo,RI"
42.375814,-72.518293,"San Luis Obispo,RI"
42.37590027,-72.51850128,"San Luis Obispo,RI"
42.376184,-72.5188285,"San Luis Obispo,RI"
42.37620163,-72.51989746,"San Luis Obispo,RI"
42.37620163,-72.52010345,"San Luis Obispo,RI"
42.3762203,-71.1150503,"San Luis Obispo,RI"
42.37670135,-72.52010345,"San Luis Obispo,RI"
42.3769,-72.519965,"San Luis Obispo,RI"
42.37722,-72.519143,"San Luis Obispo,RI"
42.377265,-72.532137,"San Luis Obispo,RI"
42.3773836,-72.51999,"San Luis Obispo,RI"
42.37739944,-72.51999664,"San Luis Obispo,RI"
42.37760162,-72.51920319,"San Luis Obispo,TX"
42.37900162,-72.51999664,"San Luis Obispo,TX"
42.3791008,-72.53220367,"San Luis Obispo,TX"
42.3792339,-72.5197486,"San Luis Obispo,TX"
42.3865348,-72.5254807,"San Luis Obispo,TX"
42.39030075,-72.5326004,"San Luis Obispo,TX"
42.40449905,-72.52960205,"Seattle,TX"
42.4109267,-72.5306841,"Seattle,TX"
42.415612,-72.533108,"Seattle,TX"
42.4298509,-76.4970948,"Seattle,TX"
42.430277,-76.496634,"Seattle,TX"
42.43569946,-76.50810242,"Seattle,TX"
42.437719,-76.5079669,"Seattle,TX"
42.438763,-76.502053,"Seattle,TX"
42.439167,-76.496016,"Seattle,TX"
42.43920135,-76.50849915,"Seattle,TX"
42.43930054,-76.51080322,"Seattle,TX"
42.439317,-76.49747,"Seattle,TX"
42.4393278,-76.5064731,"Seattle,TX"
42.4393489,-76.5048,"Seattle,TX"
42.43939972,-76.49330139,"Seattle,TX"
42.4394989,-76.49610138,"Seattle,TX"
42.4395294,-76.4997834,"Seattle,TX"
42.4395607,-76.4984253,"Seattle,TX"
42.4395771,-76.4978794,"Seattle,TX"
42.439609,-76.4968069,"Seattle,TX"
42.439635,-76.49969,"Seattle,TX"
42.4396366,-76.4961273,"Seattle,TX"
42.439658,-76.505557,"Seattle,TX"
42.439759,-76.497332,"Seattle,TX"
42.43985,-76.497988,"Seattle,TX"
42.4401607,-76.4956839,"Seattle,TX"
42.44049835,-76.49890137,"Seattle,TX"
42.440559,-76.485196,"Seattle,TX"
42.440742,-76.495112,"Seattle,TX"
42.440771,-76.4852268,"Seattle,TX"
42.440774,-76.497369,"Seattle,TX"
42.440904,-76.498468,"Seattle,TX"
42.441018,-76.508554,"Seattle,TX"
42.441115,-76.498296,"Seattle,TX"
42.44120026,-76.48760223,"Seattle,TX"
42.441203,-76.484871,"Seattle,TX"
42.441472,-76.484526,"Seattle,TX"
42.44169998,-76.48629761,"Seattle,TX"
42.44169998,-76.48619843,"Seattle,TX"
42.441762,-76.484656,"Seattle,TX"
42.44179916,-76.48970032,"Seattle,TX"
42.44179916,-76.48750305,"Seattle,TX"
42.441984,-76.490042,"Seattle,TX"
42.44200134,-76.48719788,"Seattle,TX"
42.44200134,-76.48739624,"Seattle,TX"
42.4421086,-76.4898677,"Seattle,TX"
42.44219971,-76.48699951,"Seattle,TX"
42.442393,-76.501629,"Seattle,TX"
42.443975,-76.472432,"Seattle,TX"
42.444475,-76.499254,"Seattle,TX"
42.446524,-76.505212,"Seattle,TX"
42.44710159,-76.4960022,"Seattle,TX"
42.447572,-76.475499,"Seattle,TX"
42.447592,-76.478608,"Seattle,TX"
42.448747,-76.505526,"Somerville,TX"
42.44919968,-76.50450134,"Stanford,TX"
42.4518512,-76.4975109,"Stanford,TX"
42.45220184,-76.49720001,"Stanford,TX"
42.469415,-76.478652,"Stanford,TX"
42.70059967,-73.65339661,"Stanford,TX"
42.70080185,-73.71730042,"Stanford,TX"
42.70149994,-73.65509796,"Stanford,TX"
42.70560074,-73.66020203,"Stanford,TX"
42.72399902,-73.68019867,"Stanford,TX"
42.7254966,-73.6901892,"Stanford,TX"
42.727792,-73.690819,"Stanford,TX"
42.7288839,-73.6896599,"Stanford,TX"
42.728932,-73.689502,"Stanford,TX"
42.729776,-73.691593,"Stanford,TX"
42.72990036,-73.65730286,"Stanford,TX"
42.73049927,-73.68900299,"Stanford,TX"
42.73089981,-73.68890381,"Stanford,TX"
42.730978,-73.689333,"Stanford,TX"
42.73109818,-73.68840027,"Stanford,TX"
42.73139954,-73.69110107,"Stanford,TX"
42.731534,-73.691138,"Stanford,TX"
42.731622,-73.691119,"Stanford,TX"
42.731661,-73.688902,"Stanford,TX"
42.732211,-73.685882,"Stanford,TX"
42.7323193,-73.6904403,"Stanford,TX"
42.73249817,-73.6882019,"Troy,TX"
42.733828,-73.689103,"Troy,TX"
42.735745,-73.688214,"Troy,TX"
42.73609924,-73.67559814,"Troy,TX"
42.73622,-73.68791,"Troy,TX"
42.73659897,-73.67569733,"Troy,TX"
42.73699951,-73.72399902,"Troy,TX"
42.7385825,-73.6721346,"Troy,TX"
42.739017,-73.678066,"Troy,TX"
42.739428,-73.678471,"Troy,TX"
42.740684,-73.67902,"Troy,TX"
42.74150085,-73.70110321,"Troy,TX"
42.743642,-73.644703,"Troy,TX"
42.743831,-73.644853,"Troy,TX"
42.74399948,-73.74849701,"Troy,TX"
42.74599838,-73.68190002,"Troy,TX"
42.74850082,-73.6364975,"Troy,TX"
42.7560767,-73.6773642,"Troy,TX"
42.757096,-73.6827069,"Troy,TX"
42.7627235,-73.7497552,"Troy,TX"
42.764492,-73.67759,"Troy,TX"
42.765247,-73.700938,"Troy,TX"
42.771388,-73.700893,"Troy,TX"
42.771479,-73.7009209,"Troy,VA"
42.77159882,-73.67870331,"Troy,VA"
42.772123,-73.678619,"Troy,VA"
42.773312,-73.701358,"Troy,VA"
42.77420044,-73.69779968,"Troy,VA"
42.7749991,-73.6769777,"Troy,VA"
42.7828923,-73.6955678,"Troy,VA"
42.78789902,-73.6713028,"Troy,VA"
42.78829956,-73.67269897,"Troy,VA"
43.4061138,-80.50286,"Troy,VA"
43.416715,-80.5133222,"Troy,VA"
43.4454918,-80.5057167,"Troy,VA"
43.4529777,-80.51798,"Troy,VA"
43.4586273,-80.518333,"Troy,VA"
43.4594631,-80.5180074,"Troy,VA"
43.462374,-80.5214483,"Troy,VA"
43.4631813,-80.5015319,"Troy,VA"
43.4649048,-80.5238185,"Troy,VA"
43.4657035,-80.5212789,"Upland,VA"
43.465805,-80.521327,"Upland,VA"
43.4666083,-80.5229237,"Upland,VA"
43.4670908,-80.5230263,"Upland,VA"
43.4687566,-80.539183,"Upland,VA"
43.4719223,-80.5368282,"Urbana,VA"
43.4750894,-80.5247107,"Urbana,VA"
43.4758004,-80.5179547,"Urbana,VA"
43.476903,-80.525,"Urbana,VA"
43.4775874,-80.5252317,"Urbana,VA"
43.4798668,-80.5153286,"Urbana,VA"
43.4848114,-80.5251633,"Urbana,VA"
43.4866257,-80.5276539,"Urbana,VA"
43.4980824,-80.5274971,"W Lafayette,VA"
47.65570438,-122.3090529,"Waterford,WA"
47.6568169,-122.312055,"Waterloo,WA"
47.65710068,-122.3130035,"Waterloo,WA"
47.657464,-122.313205,"Waterloo,WA"
47.657576,-122.313216,"Waterloo,WA"
47.65769958,-122.3130035,"Waterloo,WA"
47.657961,-122.313549,"Waterloo,WA"
47.657992,-122.312886,"Waterloo,WA"
47.65818,-122.313348,"Waterloo,WA"
47.65819931,-122.3119965,"Waterloo,WA"
47.658234,-122.313318,"Waterloo,WA"
47.6582494,-122.3130527,"Waterloo,WA"
47.658345,-122.303017,"Waterloo,WA"
47.65850067,-122.3130035,"Waterloo,WA"
47.6585623,-122.3131742,"Waterloo,WA"
47.658675,-122.313528,"Waterloo,WA"
47.65869904,-122.3130035,"Waterloo,WA"
47.658947,-122.313523,"Waterloo,WA"
47.658974,-122.3130862,"Waterloo,WA"
47.659076,-122.313323,"Watervliet,WA"
47.6594684,-122.3131927,"Watervliet,WA"
47.6597211,-122.3136431,"West Hyattsville,WA"
47.65990067,-122.3130035,"West Lafayette,WA"
47.65999985,-122.3130035,"West Lafayette,WA"
47.66019821,-122.3130035,"West Lafayette,WA"
47.66040039,-122.3130035,"West Lafayette,WA"
47.6606572,-122.3131167,"West Lafayette,WA"
47.660921,-122.313471,"West Lafayette,WA"
47.661033,-122.313467,"West Lafayette,WA"
47.661173,-122.313111,"West Lafayette,WA"
47.6612831,-122.3130926,"West Lafayette,WA"
47.6613573,-122.3131103,"West Lafayette,WA"
47.66139984,-122.3130035,"West Lafayette,WA"
47.66149902,-122.3130035,"West Lafayette,WA"
47.66156769,-122.3131104,"West Lafayette,WA"
47.661573,-122.313107,"West Lafayette,WA"
47.6616593,-122.3130851,"West Lafayette,WA"
47.6617012,-122.3130035,"West Lafayette,WA"
47.66199875,-122.3130035,"West Lafayette,WA"
47.6621148,-122.3130891,"West Lafayette,WA"
47.6621774,-122.3131076,"West Lafayette,WA"
47.66220093,-122.3130035,"West Lafayette,WA"
47.66235259,-122.2993541,"West Lafayette,WA"
47.6624285,-122.3131257,"West Lafayette,WA"
47.6624574,-122.2993541,"West Lafayette,WA"
47.662728,-122.299871,"West Lafayette,WA"
47.6632114,-122.3010264,"West Lafayette,WA"
47.663268,-122.299514,"Westwood,WA"
47.66379929,-122.3050003,"Westwood,WA"
