-- Student: Otunba Olaleye Rasaq (G00466185)
-- Homework #2
-- Section 002 – Thursday
-- Instructor – Dr. Alex Brodsky
-- Email: rotunba@gmu.edu

CREATE TABLE MUSICIANS 
(
SSN VARCHAR(25),
NAME VARCHAR(25),
ANNUALINCOME INTEGER,
PRIMARY KEY(SSN)
);

INSERT INTO MUSICIANS VALUES ('00001','OLALEYE RASAQ',100000);
INSERT INTO MUSICIANS VALUES ('00002','OLALEYE OTUNBA',100000);

CREATE TABLE PLACE 
(
ADDRESS VARCHAR(25),
OTHERINFO VARCHAR(25),
PRIMARY KEY(ADDRESS)
);

INSERT INTO PLACE VALUES ('1 FRIENDSHIP COURT','FAIRFAX,VA');
INSERT INTO PLACE VALUES ('2 FRIENDSHIP COURT','FAIRFAX,VA');

CREATE TABLE LIVES 
(
ADDRESS VARCHAR(25),
SSN VARCHAR(25),
PHONE VARCHAR(15),
PRIMARY KEY(SSN, ADDRESS),
FOREIGN KEY(SSN) REFERENCES MUSICIANS(SSN),
FOREIGN KEY(ADDRESS) REFERENCES PLACE (ADDRESS)
);

INSERT INTO LIVES VALUES ('1 FRIENDSHIP COURT','00001','3475132230');
INSERT INTO LIVES VALUES ('2 FRIENDSHIP COURT','00002','3475132231');

CREATE TABLE INSTRUMENTS 
(
INSTRID VARCHAR(25),
INAME VARCHAR(25),
KEY VARCHAR(25),
PRIMARY KEY(INSTRID)
);

INSERT INTO INSTRUMENTS VALUES ('INSTRUMENT1','DRUM','KEY1');
INSERT INTO INSTRUMENTS VALUES ('INSTRUMENT2','FLUTE','KEY2');

CREATE TABLE PLAYS 
(
SSN VARCHAR(25),
INSTRID VARCHAR(25),
PRIMARY KEY(SSN, INSTRID),
FOREIGN KEY(SSN) REFERENCES MUSICIANS(SSN),
FOREIGN KEY(INSTRID) REFERENCES INSTRUMENTS(INSTRID)
);

INSERT INTO PLAYS VALUES ('00001','INSTRUMENT1');
INSERT INTO PLAYS VALUES ('00002','INSTRUMENT2');

CREATE TABLE ALBUMPRODUCER
(
ALBUMIDENTIFIER VARCHAR(15),
SSN VARCHAR(25),
SPEED INTEGER,
TITLE VARCHAR(35),
COPYRIGHTDATE INTEGER,
PRIMARY KEY(ALBUMIDENTIFIER),
FOREIGN KEY(SSN) REFERENCES MUSICIANS (SSN)
);

INSERT INTO ALBUMPRODUCER VALUES ('ALBUM1','00001',100,'ALBUM1TITLE','1990');
INSERT INTO ALBUMPRODUCER VALUES ('ALBUM2','00002',100,'ALBUM2TITLE','1990');

CREATE TABLE SONGSAPPEARS
(
SONGID VARCHAR(15),
AUTHORSSN VARCHAR(25),
TITLE VARCHAR(35),
ALBUMIDENTIFIER VARCHAR(15),
PRIMARY KEY(SONGID),
UNIQUE(AUTHORSSN),
FOREIGN KEY(ALBUMIDENTIFIER) REFERENCES ALBUMPRODUCER (ALBUMIDENTIFIER)
);

INSERT INTO SONGSAPPEARS VALUES ('SONG1','00001','SONG1TITLE','ALBUM1');
INSERT INTO SONGSAPPEARS VALUES ('SONG1','00001','SONG1TITLE','ALBUM1');

CREATE TABLE PERFORM
(
SSN VARCHAR(25),
SONGID VARCHAR(15),
PRIMARY KEY(SSN, SONGID),
FOREIGN KEY(SSN) REFERENCES MUSICIANS(SSN),
FOREIGN KEY(SONGID) REFERENCES SONGSAPPEARS (SONGID)
);

INSERT INTO PERFORM VALUES ('00001','SONG1');
INSERT INTO PERFORM VALUES ('00001','SONG2');
